{
  "users": {},
  "chats": {
    "6285711308464@s.whatsapp.net": {
      "antilink": true,
      "antilink2": false,
      "welcome": false
    },
    "62895355600501@s.whatsapp.net": {
      "antilink": true,
      "antilink2": false,
      "welcome": false
    },
    "120363320776713192@g.us": {
      "antilink": true,
      "antilink2": false,
      "welcome": false
    },
    "6285283268067@s.whatsapp.net": {
      "antilink": true,
      "antilink2": false,
      "welcome": false
    },
    "62882006823938@s.whatsapp.net": {
      "antilink": true,
      "antilink2": false,
      "welcome": false
    },
    "120363323500302317@newsletter": {
      "antilink": true,
      "antilink2": false,
      "welcome": false
    },
    "6282268104030@s.whatsapp.net": {
      "antilink": true,
      "antilink2": false,
      "welcome": false
    },
    "120363369304512384@g.us": {
      "antilink": true,
      "antilink2": false,
      "welcome": false
    },
    "120363324407259541@newsletter": {
      "antilink": true,
      "antilink2": false,
      "welcome": false
    },
    "6289614846700@s.whatsapp.net": {
      "antilink": true,
      "antilink2": false,
      "welcome": false
    },
    "6285861398259@s.whatsapp.net": {
      "antilink": true,
      "antilink2": false,
      "welcome": false
    },
    "6283823302533@s.whatsapp.net": {
      "antilink": true,
      "antilink2": false,
      "welcome": false
    },
    "6283110011351-1632895448@g.us": {
      "antilink": true,
      "antilink2": false,
      "welcome": false
    },
    "120363285238450909@newsletter": {
      "antilink": true,
      "antilink2": false,
      "welcome": false
    },
    "62882021281661@s.whatsapp.net": {
      "antilink": true,
      "antilink2": false,
      "welcome": false
    },
    "6283833889302@s.whatsapp.net": {
      "antilink": true,
      "antilink2": false,
      "welcome": false
    },
    "120363298414802482@g.us": {
      "antilink": true,
      "antilink2": false,
      "welcome": false
    },
    "6283878776636@s.whatsapp.net": {
      "antilink": true,
      "antilink2": false,
      "welcome": false
    },
    "120363350031646043@g.us": {
      "antilink": true,
      "antilink2": false,
      "welcome": false
    },
    "120363318440901887@g.us": {
      "antilink": true,
      "antilink2": false,
      "welcome": false
    },
    "62882001088559@s.whatsapp.net": {
      "antilink": true,
      "antilink2": false,
      "welcome": false
    },
    "6285855011584@s.whatsapp.net": {
      "antilink": true,
      "antilink2": false,
      "welcome": false
    },
    "6285270435894@s.whatsapp.net": {
      "antilink": true,
      "antilink2": false,
      "welcome": false
    },
    "6288221041036@s.whatsapp.net": {
      "antilink": true,
      "antilink2": false,
      "welcome": false
    },
    "6281360694057@s.whatsapp.net": {
      "antilink": true,
      "antilink2": false,
      "welcome": false
    },
    "6285624468781@s.whatsapp.net": {
      "antilink": true,
      "antilink2": false,
      "welcome": false
    },
    "62882020244206@s.whatsapp.net": {
      "antilink": true,
      "antilink2": false,
      "welcome": false
    },
    "120363362779902524@g.us": {
      "antilink": true,
      "antilink2": false,
      "welcome": false
    },
    "6283115436876@s.whatsapp.net": {
      "antilink": true,
      "antilink2": false,
      "welcome": false
    }
  },
  "others": {}
}